"","POINT_ID","Ha211_1000","Ha212_1000","Ha213_1000","Ha214_1000","Ha215_1000","Ha216_1000","Ha217_1000","Ha218_1000","Ha219_1000","Ha220_1000","Ha221_1000","Bu211_1000","Bu212_1000","Bu213_1000","Bu214_1000","Bu215_1000","Bu216_1000","Bu217_1000","Bu218_1000","Bu219_1000","Bu220_1000","Bu221_1000","X1shdi211","X1shdi212","X1shdi213","X1shdi214","X1shdi215","X1shdi216","X1shdi217","X1shdi218","X1shdi219","X1shdi220","X1shdi221"
"1","EMMAOR_FLAGC1-01",0,0,0,0,0,0,0,12.8483,12.8483,12.8483,12.8483,0,0,0,0,0,0,0,0,0,3.66676,12.8483,0,0,0,0,0,0,0,0,0,0,0
"2","EMMAOR_FLAGC1-02",0,0,0,0,0,0,0,9.4749203,9.4749203,9.4749203,9.4749203,0,0,0,0,0,0,0,0,0,0.821355,9.4749203,0,0,0,0,0,0,0,0,0,0,0
"3","EMMAOR_FLAGC1-03",0,0,0,0,0,0,0,6.5415101,6.5415101,6.5415101,6.5415101,0,0,0,0,0,0,0,0,0,0,6.5415101,0,0,0,0,0,0,0,0,0,0,0
"4","EMMAOR_FLAGC1-04",0,0,0,0,0,0,0,3.1094201,3.1094201,3.1094201,3.1094201,0,0,0,0,0,0,0,0,0,0,1.81872,0,0,0,0,0,0,0,0,0,0,0
"5","EMMAOR_FLAGC1-05",0,0,0,0,0,0,0,0,0,0,0,0,0,0,0,0,0,0,0,0,0,0,0,0,0,0,0,0,0,0,0,0,0
"6","EMMAOR_FLAGC1-06",0,0,0,0,0,0,0,1.17336,1.17336,1.17336,1.17336,0,0,0,0,0,0,0,0,0,0,0,0,0,0,0,0,0,0,0,0,0,0
"7","EMMAOR_FLAGC1-07",0,0,0,0,0,0,0,0,0,0,0,0,0,0,0,0,0,0,0,0,0,0,0,0,0,0,0,0,0,0,0,0,0
"8","EMMAOR_FLAGC1-08",0,0,0,0,0,0,0,0.557348,0.586682,0.586682,0.586682,0,0,0,0,0,0,0,0,0,0,0,0,0,0,0,0,0,0,0,0.198515,0.198515,0.198515
"9","EMMAOR_FLAGC1-09",0,0,0,0,0,0,0,1.7600501,5.9254899,5.9254899,5.9254899,0,0,0,0,0,0,0,0,0,0,0,0,0,0,0,0,0,0,0,0.608327,0.608327,0.608327
"10","EMMAOR_FLAGC1-10",0,0,0,0,0,0,0,2.7867401,9.5335903,9.5335903,9.5335903,0,0,0,0,0,0,0,0,0,0,0,0,0,0,0,0,0,0,0,0.604205,0.604205,0.604205
"11","EMMAOR_DUGC1-01",0,0,0,0,0,0,0,0,4.04811,4.04811,30.8595009,0,0,0,0,0,0,0,0,0,0,0,0,0,0,0,0,0,0,0,0,0,0.388621
"12","EMMAOR_DUGC1-02",0.645351,0.645351,0.645351,0.645351,0.645351,0.645351,0.645351,0.645351,3.31475,3.31475,30.2728004,0.645351,0.645351,0.645351,0.645351,0.645351,0.645351,0.645351,0.645351,0.645351,0.645351,0.645351,0,0,0,0,0,0,0,0,0.492953,0.492953,0.399437
"13","EMMAOR_DUGC1-03",5.33881,5.33881,5.33881,5.33881,5.33881,5.33881,5.33881,5.33881,5.33881,5.33881,32.5901985,5.33881,5.33881,5.33881,5.33881,5.33881,5.33881,5.33881,5.33881,5.33881,5.33881,5.33881,0,0,0,0,0,0,0,0,0,0,0.445944
"14","EMMAOR_DUGC1-04",9.3282499,9.3282499,9.3282499,9.3282499,9.3282499,9.3282499,9.3282499,9.3282499,9.3282499,9.3282499,34.1156006,9.38692,9.38692,9.44559,9.44559,9.44559,9.44559,9.44559,9.44559,9.44559,9.44559,9.44559,0,0,0,0,0,0,0,0,0,0,0.586641
"15","EMMAOR_DUGC1-05",12.0563002,12.0563002,12.0563002,12.0563002,12.0563002,12.0563002,12.0563002,12.0563002,12.0563002,12.0563002,31.9449005,11.3522997,11.3522997,12.1737003,12.1737003,12.1737003,12.1737003,12.1737003,12.1737003,12.1737003,12.1737003,12.1737003,0.208775,0.208775,0.208775,0.208775,0.208775,0.208775,0.208775,0.208775,0.208775,0.208775,0.741576
"16","EMMAOR_DUGC1-06",23.3206005,23.3206005,23.3206005,23.3206005,23.3206005,23.3206005,23.3206005,23.3206005,23.3206005,23.3206005,40.2756996,20.5632,20.5632,23.4673004,23.4673004,23.4673004,23.4673004,23.4673004,23.4673004,23.4673004,23.4673004,23.4673004,0.628377,0.628377,0.628377,0.628377,0.628377,0.628377,0.628377,0.628377,0.628377,0.628377,1.04445
"17","EMMAOR_DUGC1-07",25.4326992,25.4326992,25.4326992,25.4326992,25.4326992,25.4326992,25.4326992,25.4326992,25.4326992,25.4326992,35.9636002,20.6805992,20.6805992,25.5499992,25.5499992,25.5499992,25.5499992,25.5499992,25.5499992,25.5499992,25.5499992,25.5499992,0.622949,0.622949,0.622949,0.622949,0.622949,0.622949,0.622949,0.622949,0.622949,0.622949,1.04519
"18","EMMAOR_DUGC1-08",22.0886002,22.0886002,22.0886002,22.0886002,22.0886002,22.0886002,22.0886002,22.0886002,22.0886002,22.0886002,27.3393993,15.6938,15.6938,22.2059002,22.2059002,22.2059002,22.2059002,22.2059002,22.2059002,22.2059002,22.2059002,22.2059002,0.617573,0.617573,0.617573,0.617573,0.617573,0.617573,0.617573,0.617573,0.617573,0.617573,0.988158
"19","EMMAOR_DUGC1-09",8.9469099,8.9469099,8.9469099,8.9469099,8.9469099,8.9469099,8.9469099,8.9469099,8.9469099,8.9469099,15.7818003,5.8081598,5.8081598,9.0642405,9.0642405,9.0642405,9.0642405,9.0642405,9.0642405,9.0642405,9.0642405,9.0642405,0.275555,0.275555,0.275555,0.275555,0.275555,0.275555,0.275555,0.275555,0.275555,0.275555,0.840381
"20","EMMAOR_DUGC1-10",0.99736,0.99736,0.99736,0.99736,0.99736,0.99736,0.99736,0.99736,0.99736,0.99736,8.0668802,0.850689,0.850689,1.1147,1.1147,1.1147,1.1147,1.1147,1.1147,1.1147,1.1147,1.1147,0,0,0,0,0,0,0,0,0,0,0.374108
"21","EMMAOR_ELKT2-01",0,0,0,0,0,0,0,0,59.3428993,63.8017006,63.8017006,0,0,0,0,0,0,0,0,0,0,56.5854988,0,0,0,0,0,0,0,0,0,0.253342,0.253342
"22","EMMAOR_ELKT2-02",0,0,0,0,0,0,0,0,54.7667999,55.8227997,55.8227997,0,0,0,0,0,0,0,0,0,0,53.4174004,0,0,0,0,0,0,0,0,0,0.0937958,0.0937958
"23","EMMAOR_ELKT2-03",0,0,0,0,0,0,0,0,48.8120003,48.841301,48.841301,0,0,0,0,0,0,0,0,0,0,48.8120003,0,0,0,0,0,0,0,0,0,0.0050554,0.0050554
"24","EMMAOR_FLAGC2-01",77.5007019,77.5007019,77.5007019,77.5007019,77.5007019,77.5007019,77.5007019,77.5007019,77.5007019,77.5007019,77.5007019,71.3405991,71.3405991,76.3860016,76.3860016,76.3860016,76.3860016,76.3860016,76.3860016,76.3860016,76.3860016,76.3860016,0.315094,0.315094,0.315094,0.315094,0.315094,0.315094,0.315094,0.315094,0.315094,0.315094,0.315094
"25","EMMAOR_FLAGC2-02",81.3142014,81.3142014,81.3142014,81.3142014,81.3142014,81.3142014,81.3142014,81.3142014,81.3142014,81.3142014,81.3142014,78.0287018,78.0287018,81.3142014,81.3142014,81.3142014,81.3142014,81.3142014,81.3142014,81.3142014,81.3142014,81.3142014,0.254461,0.254461,0.254461,0.254461,0.254461,0.254461,0.254461,0.254461,0.254461,0.254461,0.254461
"26","EMMAOR_CUBT1-01",1.46671,1.46671,1.46671,12.3203001,31.4167995,31.4167995,31.4167995,31.4167995,31.4167995,31.4167995,31.4167995,65.444397,65.444397,65.444397,65.444397,65.444397,68.6417999,68.6417999,68.6417999,68.6417999,68.6417999,68.6417999,0,0,0,0.365023,0.81232,0.81232,0.81232,0.81232,0.81232,0.81232,0.81232
"27","EMMAOR_CUBT1-02",1.46671,1.46671,1.46671,11.8802996,33.7929001,33.7929001,33.7929001,33.7929001,33.7929001,33.7929001,33.7929001,83.5141983,83.5141983,83.5141983,83.5141983,83.5141983,86.2715988,86.2715988,86.2715988,86.2715988,86.2715988,86.2715988,0,0,0,0.373756,0.77916,0.77916,0.77916,0.77916,0.77916,0.77916,0.77916
"28","EMMAOR_CUBT1-03",3.5494299,3.5494299,3.5494299,14.9017,42.3291016,42.3291016,42.3291016,42.3291016,42.3291016,42.3291016,42.3291016,83.7781982,83.7781982,83.7781982,83.7781982,83.7781982,86.9757004,86.9757004,86.9757004,86.9757004,86.9757004,86.9757004,0,0,0,0.548983,0.841357,0.841357,0.841357,0.841357,0.841357,0.841357,0.841357
"29","EMMAOR_CUBT1-04",4.8107901,4.8107901,4.8107901,16.9550991,44.9692001,44.9692001,44.9692001,44.9692001,44.9692001,44.9692001,44.9692001,84.4529037,84.4529037,84.4529037,84.4529037,84.4529037,87.5623016,87.5623016,87.5623016,87.5623016,87.5623016,87.5623016,0,0,0,0.596448,0.886933,0.886933,0.886933,0.886933,0.886933,0.886933,0.886933
"30","EMMAOR_CUBT1-05",4.7814598,4.7814598,4.7814598,17.7765007,45.4091988,45.4091988,45.4091988,45.4091988,45.4091988,45.4091988,45.4091988,84.3356018,84.3356018,84.3356018,84.3356018,84.3356018,86.9757004,86.9757004,86.9757004,86.9757004,86.9757004,86.9757004,0,0,0,0.582239,0.896845,0.896845,0.896845,0.896845,0.896845,0.896845,0.896845
"31","EMMAOR_CUBT1-06",3.02141,3.02141,3.02141,21.4431992,43.0331001,43.0331001,43.0331001,43.0331001,43.0331001,43.0331001,43.0331001,84.4235992,84.4235992,84.4235992,84.4235992,84.4235992,86.2715988,86.2715988,86.2715988,86.2715988,86.2715988,86.2715988,0,0,0,0.406599,0.895748,0.895748,0.895748,0.895748,0.895748,0.895748,0.895748
"32","EMMAOR_CUBT1-07",8.7122297,8.7122297,8.7122297,24.0245991,45.3799019,45.3799019,45.3799019,45.3799019,45.3799019,45.3799019,45.3799019,97.2133026,97.2133026,97.2133026,97.2133026,97.2133026,97.9758987,97.9758987,97.9758987,97.9758987,97.9758987,97.9758987,0,0,0,0.654921,1.0381401,1.0381401,1.0381401,1.0381401,1.0381401,1.0381401,1.0381401
"33","EMMAOR_CUBT1-08",9.3282499,9.3282499,9.3282499,14.6963997,36.4622993,36.4622993,36.8437004,36.8437004,36.8437004,36.8437004,36.8437004,100,100,100,100,100,100,100,100,100,100,100,0,0,0,0.65639,0.938794,0.938794,0.988756,0.988756,0.988756,0.988756,0.988756
"34","EMMAOR_CUBT1-09",10.0323,10.0323,10.0323,13.4644003,36.2863007,36.2863007,36.6383018,36.6383018,36.6383018,36.6383018,36.6383018,100,100,100,100,100,100,100,100,100,100,100,0,0,0,0.567657,0.868616,0.868616,0.914461,0.914461,0.914461,0.914461,0.914461
"35","EMMAOR_CUBT1-10",10.0029001,10.0029001,10.0029001,14.0216999,41.0383987,41.0383987,41.0383987,41.0383987,41.0383987,41.0383987,41.0383987,100,100,100,100,100,100,100,100,100,100,100,0,0,0,0.599089,0.845466,0.845466,0.845466,0.845466,0.845466,0.845466,0.845466
"36","EMMAOR_CUBT2-01",17.219101,17.219101,17.219101,27.2220993,34.6436005,34.6436005,37.1077003,37.1077003,37.1077003,37.1077003,37.1077003,56.3801994,56.3801994,56.3801994,56.3801994,56.3801994,56.3801994,56.3801994,56.3801994,56.3801994,56.3801994,56.3801994,0,0,0,0.657588,1.03622,1.03622,1.21164,1.21164,1.21164,1.21164,1.21164
"37","EMMAOR_CUBT2-02",20.3579006,20.3579006,20.3579006,30.2140999,40.0997009,40.0997009,43.8251991,43.8251991,43.8251991,43.8251991,43.8251991,66.441803,66.441803,66.441803,66.441803,66.441803,66.441803,66.441803,66.6177979,66.6177979,66.6177979,66.6177979,0,0,0,0.631465,1.0342799,1.0342799,1.23719,1.23719,1.23719,1.23719,1.23719
"38","EMMAOR_CUBT2-03",21.6191998,21.6191998,21.6191998,29.1287994,40.8037987,40.8037987,49.8386993,49.8386993,49.8386993,49.8386993,49.8386993,66.6763992,66.6763992,66.6763992,66.6763992,66.6763992,66.7645035,66.7645035,71.3699036,71.3699036,71.3699036,71.3699036,0,0,0,0.570748,1.00609,1.00609,1.29704,1.29704,1.29704,1.29704,1.29704
"39","EMMAOR_ELKT2-04",0,0,0,0,0,0,0,0,43.4438019,43.5317993,43.5317993,0,0,0,0,0,0,0,0,0,0,43.6785011,0,0,0,0,0,0,0,0,0,0.0145611,0.0145611
"40","EMMAOR_ELKT2-05",0,0,0,0,0,0,0,0,51.4519997,51.4519997,51.4519997,0,0,0,0,0,0,0,0,0,0,51.1879997,0,0,0,0,0,0,0,0,0,0,0
"41","EMMAOR_ELKT2-06",0,0,0,0,0,0,0,0,53.6520996,53.6520996,53.6520996,0,0,0,0,0,0,0,0,0,0,53.3880997,0,0,0,0,0,0,0,0,0,0,0
"42","EMMAOR_ELKT2-07",0,0,0,0,0,0,0,0,42.8278008,42.8278008,42.8278008,0,0,0,0,0,0,0,0,0,0,41.8303986,0,0,0,0,0,0,0,0,0,0,0
"43","EMMAOR_ELKT2-08",0,0,0,0,0,0,0,0,28.3073997,28.3073997,28.3073997,0,0,0,0,0,0,0,0,0,0,25.6674004,0,0,0,0,0,0,0,0,0,0,0
"44","EMMAOR_ELKT2-09",0,0,0,0,0,0,0,0,27.4860992,27.4860992,27.4860992,0,0,0,0,0,0,0,0,0,0,22.9979,0,0,0,0,0,0,0,0,0,0,0
"45","EMMAOR_ELKT2-10",0,0,0,0,0,0,0,0,29.5394993,29.5394993,29.5394993,0,0,0,0,0,0,0,0,0,0,23.7900009,0,0,0,0,0,0,0,0,0,0,0
"46","EMMAOR_ELKT3-01",13.2297001,13.2297001,20.0352001,20.0352001,20.0352001,20.0352001,20.0352001,24.4353008,32.6781998,75.4766998,75.4766998,14.5496998,20.4459,25.9606991,25.9606991,25.9606991,25.9606991,29.1874008,29.1874008,29.1874008,41.1851006,41.1851006,0.687233,0.687233,1.09462,1.09462,1.09462,1.09462,1.09462,1.36901,1.58847,1.16618,1.16618
"47","EMMAOR_ELKT3-02",8.03755,8.03755,14.8430996,14.8430996,14.8430996,14.8430996,14.8430996,21.7658997,30.0674992,75.9754028,75.9754028,13.875,15.1364002,18.0111008,18.0111008,18.0111008,18.0111008,19.6539001,19.6539001,19.6539001,33.176899,33.176899,0.434551,0.434551,0.925009,0.925009,0.925009,0.925009,0.925009,1.2562,1.4986,1.05474,1.05474
"48","EMMAOR_ELKT3-03",6.42417,6.42417,13.2297001,13.2297001,13.2297001,13.2297001,13.2297001,19.3017998,26.9874001,68.5538025,68.5538025,25.4032993,26.5767002,30.4195004,30.4195004,30.4195004,30.4195004,33.0889015,33.0889015,33.0889015,45.2038994,45.2038994,0.475386,0.475386,0.923573,0.923573,0.923573,0.923573,0.923573,1.2557499,1.49555,1.03474,1.03474
"49","EMMAOR_ELKT3-04",4.37078,4.37078,9.8562603,9.8562603,9.8562603,9.8562603,9.8562603,18.8911991,26.4887009,68.5538025,68.5538025,20.2112007,20.2112007,21.5018997,21.5018997,21.5018997,21.5018997,22.2353001,22.2353001,22.2353001,37.1663017,37.1663017,0.209244,0.209244,0.779528,0.779528,0.779528,0.779528,0.779528,1.09891,1.383,0.979565,0.979565
"50","EMMAOR_ELKT3-05",3.02141,3.02141,5.4561501,5.4561501,5.4561501,5.4561501,5.4561501,16.0750999,24.3766003,62.1002998,62.1002998,12.2322998,12.2322998,12.2322998,12.2322998,12.2322998,12.2322998,12.5843,12.5843,12.5843,29.3048,29.3048,0.359903,0.359903,0.886656,0.886656,0.886656,0.886656,0.886656,0.941593,1.26262,1.04528,1.04528
"51","EMMAOR_ELKT3-06",1.0853601,1.0853601,1.2613699,1.2613699,1.2613699,1.2613699,1.2613699,13.4350004,21.4431992,58.9029007,58.9029007,4.0187702,4.0187702,4.0187702,4.0187702,4.0187702,4.0187702,4.1067801,4.1067801,4.1067801,19.4484997,19.4484997,0.342542,0.342542,0.698863,0.698863,0.698863,0.698863,0.698863,0.377052,0.897579,0.980639,0.980639
"52","EMMAOR_ELKT3-07",0,0,0,0,0,0,0,12.1149998,17.3658009,64.2710037,64.2710037,0,0,0,0,0,0,0,0,0,12.3789997,12.3789997,0,0,0,0,0,0,0,0,0.61426,0.749425,0.749425
"53","EMMAOR_ELKT3-08",0,0,0,0,0,0,0,11.8216,15.1657,69.8739014,69.8739014,0,0,0,0,0,0,0,0,0,8.3895597,8.3895597,0,0,0,0,0,0,0,0,0.529975,0.63817,0.63817
"54","EMMAOR_ELKT3-09",0,0,0,0,0,0,0,11.6456003,14.9603996,74.7139969,74.7139969,0,0,0,0,0,0,0,0,0,8.0082102,8.0082102,0,0,0,0,0,0,0,0,0.531339,0.607122,0.607122
"55","EMMAOR_ELKT3-10",0,0,0,0,0,0,0,13.2297001,16.4563999,80.316803,80.316803,0,0,0,0,0,0,0,0,0,5.5734801,5.5734801,0,0,0,0,0,0,0,0,0.497423,0.609032,0.609032
"56","EMMAOR_FLAGC2-03",81.8714981,81.8714981,81.8714981,81.8714981,81.8714981,81.8714981,81.8714981,81.8714981,81.8714981,81.8714981,81.8714981,78.3807983,78.3807983,81.8714981,81.8714981,81.8714981,81.8714981,81.8714981,81.8714981,81.8714981,81.8714981,81.8714981,0.393211,0.393211,0.393211,0.393211,0.393211,0.393211,0.393211,0.393211,0.393211,0.393211,0.393211
"57","EMMAOR_FLAGC2-04",77.4713974,77.4713974,77.4713974,77.4713974,77.4713974,77.4713974,77.4713974,77.4713974,77.4713974,77.4713974,77.4713974,75.3592987,75.3592987,77.4713974,77.4713974,77.4713974,77.4713974,77.4713974,77.4713974,77.4713974,77.4713974,77.4713974,0.405846,0.405846,0.405846,0.405846,0.405846,0.405846,0.405846,0.405846,0.405846,0.405846,0.405846
"58","EMMAOR_FLAGC2-05",78.1167984,78.1167984,78.1167984,78.1167984,78.1167984,78.1167984,78.1167984,78.1167984,78.1167984,78.1167984,78.1167984,77.9406967,77.9406967,78.1167984,78.1167984,78.1167984,78.1167984,78.1167984,78.1167984,78.1167984,78.1167984,78.1167984,0.312153,0.312153,0.312153,0.312153,0.312153,0.312153,0.312153,0.312153,0.312153,0.312153,0.312153
"59","EMMAOR_FLAGC2-06",82.1941986,82.1941986,82.1941986,82.1941986,82.1941986,82.1941986,82.1941986,82.1941986,82.1941986,82.1941986,82.1941986,82.135498,82.135498,82.1941986,82.1941986,82.1941986,82.1941986,82.1941986,82.1941986,82.1941986,82.1941986,82.1941986,0.273869,0.273869,0.273869,0.273869,0.273869,0.273869,0.273869,0.273869,0.273869,0.273869,0.273869
"60","EMMAOR_FLAGC2-07",84.8342972,84.8342972,84.8342972,84.8342972,84.8342972,84.8342972,84.8342972,84.8342972,84.8342972,84.8342972,84.8342972,80.7862015,80.7862015,84.8342972,84.8342972,84.8342972,84.8342972,84.8342972,84.8342972,84.8342972,84.8342972,84.8342972,0.458623,0.458623,0.458623,0.458623,0.458623,0.458623,0.458623,0.458623,0.458623,0.458623,0.458623
"61","EMMAOR_FLAGC2-08",84.7755966,84.7755966,84.7755966,84.7755966,84.7755966,84.7755966,84.7755966,84.7755966,84.7755966,84.7755966,84.7755966,78.5273972,78.5273972,84.7755966,84.7755966,84.7755966,84.7755966,84.7755966,84.7755966,84.7755966,84.7755966,84.7755966,0.550549,0.550549,0.550549,0.550549,0.550549,0.550549,0.550549,0.550549,0.550549,0.550549,0.550549
"62","EMMAOR_FLAGC2-09",84.2475967,84.2475967,84.2475967,84.2475967,84.2475967,84.2475967,84.2475967,84.2475967,84.2475967,84.2475967,84.2475967,77.882103,77.882103,84.2475967,84.2475967,84.2475967,84.2475967,84.2475967,84.2475967,84.2475967,84.2475967,84.2475967,0.557054,0.557054,0.557054,0.557054,0.557054,0.557054,0.557054,0.557054,0.557054,0.557054,0.557054
"63","EMMAOR_FLAGC2-10",86.5650024,86.5650024,86.5650024,86.5650024,86.5650024,86.5650024,86.5650024,86.5650024,86.5650024,86.5650024,86.5650024,80.199501,80.199501,86.5650024,86.5650024,86.5650024,86.5650024,86.5650024,86.5650024,86.5650024,86.5650024,86.5650024,0.437823,0.437823,0.437823,0.437823,0.437823,0.437823,0.437823,0.437823,0.437823,0.437823,0.437823
"64","EMMAOR_CUBT2-04",18.6564999,18.6564999,18.6564999,23.4965992,36.0223007,36.0223007,52.6547012,52.6547012,52.6547012,52.6547012,52.6547012,61.4255981,61.4255981,61.4255981,61.4255981,61.4255981,62.2470016,62.2470016,72.1325989,72.1325989,72.1325989,72.1325989,0,0,0,0.508598,0.977772,0.977772,1.29264,1.29264,1.29264,1.29264,1.29264
"65","EMMAOR_CUBT2-05",14.6963997,14.6963997,14.6963997,18.3337994,29.4514999,29.4514999,53.5640984,53.5640984,53.5640984,53.5640984,53.5640984,53.7401009,53.7401009,53.7401009,53.7401009,53.7401009,54.5615005,54.5615005,71.4871979,71.4871979,71.4871979,71.4871979,0,0,0,0.498176,0.972942,0.972942,1.22313,1.22313,1.22313,1.22313,1.22313
"66","EMMAOR_CUBT2-06",9.5922604,9.5922604,9.5922604,13.2297001,18.0111008,18.0111008,48.5186005,48.5186005,48.5186005,48.5186005,48.5186005,44.6464996,44.6464996,44.6464996,44.6464996,44.6464996,45.4678993,45.4678993,65.8843994,65.8843994,65.8843994,65.8843994,0,0,0,0.588115,1.01069,1.01069,1.03479,1.03479,1.03479,1.03479,1.03479
"67","EMMAOR_CUBT2-07",1.9360501,1.9360501,1.9360501,5.39748,6.8348498,6.8348498,34.3502998,34.3502998,34.3502998,34.3502998,34.3502998,35.464901,35.464901,35.464901,35.464901,35.464901,36.2863007,36.2863007,54.4440994,54.4440994,54.4440994,54.4440994,0,0,0,0.652664,1.02976,1.02976,0.703876,0.703876,0.703876,0.703876,0.703876
"68","EMMAOR_CUBT2-08",0.733353,0.733353,0.733353,4.1947799,10.7069998,10.7069998,38.9556999,38.9556999,38.9556999,38.9556999,38.9556999,53.358799,53.358799,53.358799,53.358799,53.358799,54.1800995,54.1800995,70.8125992,70.8125992,70.8125992,70.8125992,0,0,0,0.463455,0.851111,0.851111,0.820843,0.820843,0.820843,0.820843,0.820843
"69","EMMAOR_CUBT2-09",0,0,0,1.73071,1.90672,1.90672,27.9554005,27.9554005,27.9554005,27.9554005,27.9554005,48.0786018,48.0786018,48.0786018,48.0786018,48.0786018,48.9000015,48.9000015,65.5616989,65.5616989,65.5616989,65.5616989,0,0,0,0,0.307845,0.307845,0.269969,0.269969,0.269969,0.269969,0.269969
"70","EMMAOR_CUBT2-10",0,0,0,1.90672,4.6347899,4.6347899,31.2702007,31.2702007,31.2702007,31.2702007,31.2702007,66.2950974,66.2950974,66.2950974,66.2950974,66.2950974,67.1165009,67.1165009,82.9569016,82.9569016,82.9569016,82.9569016,0,0,0,0,0.677361,0.677361,0.515376,0.515376,0.515376,0.515376,0.515376
"71","EMMAOR_ELKT1-01",0,0,0,0,0,0,0,0,0,2.8747399,2.8747399,0,0,0,0,0,0,0,0,0,0,0,0,0,0,0,0,0,0,0,0,0,0
"72","EMMAOR_ELKT1-02",0,0,0,0,0,0,0,0,0,3.9014399,3.9014399,0,0,0,0,0,0,0,0,0,0,0,0,0,0,0,0,0,0,0,0,0,0
"73","EMMAOR_ELKT1-03",0,0,0,0,0,0,0,0,0,5.1921401,5.1921401,0,0,0,0,0,0,0,0,0,0,0,0,0,0,0,0,0,0,0,0,0,0
"74","EMMAOR_ELKT1-04",0,0,0,0,0,0,0,0,0,3.2267499,3.2267499,0,0,0,0,0,0,0,0,0,0,0,0,0,0,0,0,0,0,0,0,0,0
"75","EMMAOR_ELKT1-05",0,0,0,0,0,0,0,0,0,3.2267499,3.2267499,0,0,0,0,0,0,0,0,0,0,0,0,0,0,0,0,0,0,0,0,0,0
"76","EMMAOR_ELKT1-06",0,0,0,0,0,0,0,0,0,3.2267499,3.2267499,0,0,0,0,0,0,0,0,0,0,0,0,0,0,0,0,0,0,0,0,0,0
"77","EMMAOR_ELKT1-07",0,0,0,0,0,0,0,0,0,3.08008,3.08008,0,0,0,0,0,0,0,0,0,0,0,0,0,0,0,0,0,0,0,0,0,0
"78","EMMAOR_ELKT1-08",0,0,0,0,0,0,0.234673,0.234673,0.234673,1.67204,1.67204,0,0,0,0,0,0,0,0.234673,0.234673,0.234673,0.234673,0,0,0,0,0,0,0,0,0,0.4056,0.4056
"79","EMMAOR_ELKT1-09",0.176005,0.176005,0.176005,0.176005,0.176005,0.176005,2.6694,2.6694,2.6694,2.6694,2.6694,0,0,0,0,0,0,0,2.4934001,2.4934001,2.4934001,2.4934001,0,0,0,0,0,0,0.242992,0.242992,0.242992,0.242992,0.242992
"80","EMMAOR_ELKT1-10",1.17336,1.17336,1.17336,1.17336,1.17336,1.17336,4.6347899,4.6347899,4.6347899,4.6347899,4.6347899,0,0,0,0,0,0,0,3.4614301,3.4614301,3.4614301,3.4614301,0,0,0,0,0,0,0.565785,0.565785,0.565785,0.565785,0.565785
"81","EMMAOR_PRONGC1-01",12.7896996,12.7896996,12.7896996,12.7896996,12.7896996,12.7896996,12.7896996,12.7896996,12.7896996,12.7896996,12.7896996,79.5541,79.5541,79.5541,79.5541,79.5541,79.5541,79.5541,79.5541,79.5541,79.5541,79.5541,0,0,0,0,0,0,0,0,0,0,0
"82","EMMAOR_PRONGC1-02",9.1229095,9.1229095,9.1229095,9.1229095,9.1229095,9.1229095,9.1229095,9.1229095,9.1229095,9.1229095,9.1229095,65.180397,65.180397,65.180397,65.180397,65.180397,65.180397,65.180397,65.180397,65.180397,65.180397,65.180397,0,0,0,0,0,0,0,0,0,0,0
"83","EMMAOR_PRONGC1-03",8.5068903,8.5068903,8.5068903,8.5068903,8.5068903,8.5068903,8.5068903,8.5068903,8.5068903,8.5068903,8.5068903,52.7426987,52.7426987,52.7426987,52.7426987,52.7426987,52.7426987,52.7426987,52.7426987,52.7426987,52.7426987,52.7426987,0,0,0,0,0,0,0,0,0,0,0
"84","EMMAOR_WOLFTA3-01",0,0,0,0,0,0,11.8216,11.8216,11.8216,11.8216,11.8216,0,0,0,0,0,0,0,0,0,0,0,0,0,0,0,0,0,0,0,0,0,0
"85","EMMAOR_WOLFTA3-02",0,0,0,0,0,0,6.74685,6.74685,6.74685,6.74685,6.74685,0,0,0,0,0,0,0,0,0,0,0,0,0,0,0,0,0,0,0,0,0,0
"86","EMMAOR_WOLFTA3-03",0,0,0,0,0,0,2.5813999,2.5813999,2.5813999,2.5813999,2.5813999,0,0,0,0,0,0,0,0,0,0,0,0,0,0,0,0,0,0,0,0,0,0
"87","EMMAOR_WOLFTA3-04",0,0,0,0,0,0,0,0,0,0,0.557348,0,0,0,0,0,0,0,0,0,0,0,0,0,0,0,0,0,0,0,0,0,0
"88","EMMAOR_WOLFTA3-05",0,0,0,0,0,0,0,0,0,0,3.6961,0,0,0,0,0,0,0,0,0,0,0,0,0,0,0,0,0,0,0,0,0,0
"89","EMMAOR_WOLFTA3-06",0,0,0,0,0,0,0,0,0,0,7.4801998,0,0,0,0,0,0,0,0,0,0,0,0,0,0,0,0,0,0,0,0,0,0
"90","EMMAOR_WOLFTA3-07",0,0,0,0,0,0,0,0,0,0,10.1788998,0,0,0,0,0,0,0,0,0,0,0,0,0,0,0,0,0,0,0,0,0,0
"91","EMMAOR_WOLFTA3-08",0,0,0,0,0,0,0,0,0,1.4373699,11.8216,0,0,0,0,0,0,0,0,0,0,0,0,0,0,0,0,0,0,0,0,0,0.370077
"92","EMMAOR_WOLFTB1-01",8.7415705,8.7415705,8.7415705,8.7415705,8.7415705,8.7415705,8.7415705,11.0296001,11.7042999,22.7339001,22.7339001,0,0,0,0,0,0,0,0,0,0,0,0,0,0,0,0,0,0,0.510554,0.701559,1.0539,1.0539
"93","EMMAOR_WOLFTB1-02",8.6242304,8.6242304,8.6242304,8.6242304,8.6242304,8.6242304,8.6242304,11.7042999,11.7042999,26.8994007,26.8994007,0,0,0,0,0,0,0,0,0,0,0,0,0,0,0,0,0,0,0.576334,0.576334,0.935474,0.935474
"94","EMMAOR_WOLFTB1-03",6.3948398,6.3948398,6.3948398,6.3948398,6.3948398,6.3948398,6.3948398,7.9202099,7.9202099,24.8460007,24.8460007,0,0,0,0,0,0,0,0,0,0,0,0,0,0,0,0,0,0,0.48996,0.48996,0.782126,0.782126
"95","EMMAOR_WOLFTB1-04",8.6829004,8.6829004,8.6829004,8.6829004,8.6829004,8.6829004,8.6829004,8.9175701,10.3843002,27.9846992,27.9846992,0,0,0,0,0,0,0,0,0,0,1.46671,0,0,0,0,0,0,0,0.121692,0.511718,0.849405,0.849405
"96","EMMAOR_WOLFTB1-05",8.7415705,8.7415705,8.7415705,8.7415705,8.7415705,8.7415705,8.7415705,10.6483002,10.6483002,24.8752995,24.8752995,0,0,0,0,0,0,0,0,0,0,0,0,0,0,0,0,0,0,0.46997,0.46997,0.883941,0.883941
"97","EMMAOR_WOLFTB1-06",8.7415705,8.7415705,8.7415705,8.7415705,8.7415705,8.7415705,8.7415705,10.6483002,11.2349997,23.5259991,23.5259991,0,0,0,0,0,0,0,0,0,0,0,0,0,0,0,0,0,0,0.46997,0.650427,1.0027601,1.0027601
"98","EMMAOR_WOLFTB1-07",8.7415705,8.7415705,8.7415705,8.7415705,8.7415705,8.7415705,8.7415705,10.6483002,15.0483999,19.8591995,19.8591995,0,0,0,0,0,0,0,0,0,0,0,0,0,0,0,0,0,0,0.46997,0.936837,1.26355,1.26355
"99","EMMAOR_WOLFTB1-08",8.7415705,8.7415705,8.7415705,8.7415705,8.7415705,8.7415705,8.7415705,10.6483002,18.9498005,21.2966003,21.2966003,0,0,0,0,0,0,0,0,0,0,0,0,0,0,0,0,0,0,0.46997,0.949545,1.19183,1.19183
"100","EMMAOR_WOLFTB1-09",8.7415705,8.7415705,8.7415705,8.7415705,8.7415705,8.7415705,8.7415705,10.6483002,17.5417995,19.9764996,19.9764996,0,0,0,0,0,0,0,0,0,0,0,0,0,0,0,0,0,0,0.46997,0.955344,1.20956,1.20956
"101","EMMAOR_WOLFTB1-10",5.6908202,5.6908202,5.6908202,5.6908202,5.6908202,5.6908202,5.6908202,9.2989101,23.9073009,30.0380993,30.0380993,0,0,0,0,0,0,0,0,0,0,0,0,0,0,0,0,0,0,0.667851,0.928045,1.24467,1.24467
"102","EMMAOR_PRONGC2-10",0,0,0,0,0,0,0,0,0,0,0,37.782299,48.9292984,48.9292984,48.9292984,48.9292984,48.9292984,48.9292984,48.9292984,48.9292984,48.9292984,48.9292984,0,0,0,0,0,0,0,0,0,0,0
"103","EMMAOR_PRONGC2-01",17.5125008,17.5125008,17.5125008,17.5125008,17.5125008,17.5125008,17.5125008,17.5125008,17.5125008,17.5125008,17.5125008,32.7075005,71.3405991,71.3405991,71.3405991,71.3405991,71.3405991,71.3405991,71.3405991,71.3405991,71.3405991,71.3405991,0,0,0,0,0,0,0,0,0,0,0
"104","EMMAOR_PRONGC2-02",16.3684006,16.3684006,16.3684006,16.3684006,16.3684006,16.3684006,16.3684006,16.3684006,16.3684006,16.3684006,16.3684006,39.982399,71.6339035,71.6339035,71.6339035,71.6339035,71.6339035,71.6339035,71.6339035,71.6339035,71.6339035,71.6339035,0,0,0,0,0,0,0,0,0,0,0
"105","EMMAOR_PRONGC2-03",18.8031998,18.8031998,18.8031998,18.8031998,18.8031998,18.8031998,18.8031998,18.8031998,18.8031998,18.8031998,18.8031998,48.0786018,85.6849976,85.6849976,85.6849976,85.6849976,85.6849976,85.6849976,85.6849976,85.6849976,85.6849976,85.6849976,0,0,0,0,0,0,0,0,0,0,0
"106","EMMAOR_PRONGC2-04",19.3017998,19.3017998,19.3017998,19.3017998,19.3017998,19.3017998,19.3017998,19.3017998,19.3017998,19.3017998,19.3017998,53.4468002,92.6371002,92.6371002,92.6371002,92.6371002,92.6371002,92.6371002,92.6371002,92.6371002,92.6371002,92.6371002,0,0,0,0,0,0,0,0,0,0,0
"107","EMMAOR_PRONGC2-05",13.3764,13.3764,13.3764,13.3764,13.3764,13.3764,13.3764,13.3764,13.3764,13.3764,13.3764,51.4813995,85.5382996,85.5382996,85.5382996,85.5382996,85.5382996,85.5382996,85.5382996,85.5382996,85.5382996,85.5382996,0.230812,0.230812,0.230812,0.230812,0.230812,0.230812,0.230812,0.230812,0.230812,0.230812,0.230812
"108","EMMAOR_PRONGC2-06",12.1443005,12.1443005,12.1443005,12.1443005,12.1443005,12.1443005,12.1443005,12.1443005,12.1443005,12.1443005,12.1443005,49.222599,74.8899994,74.8899994,74.8899994,74.8899994,74.8899994,74.8899994,74.8899994,74.8899994,74.8899994,74.8899994,0.661254,0.661254,0.661254,0.661254,0.661254,0.661254,0.661254,0.661254,0.661254,0.661254,0.661254
"109","EMMAOR_PRONGC2-07",11.4695997,11.4695997,11.4695997,11.4695997,11.4695997,11.4695997,11.4695997,11.4695997,11.4695997,11.4695997,11.4695997,44.8224983,61.6896019,61.6896019,61.6896019,61.6896019,61.6896019,61.6896019,61.6896019,61.6896019,61.6896019,61.6896019,0.685274,0.685274,0.685274,0.685274,0.685274,0.685274,0.685274,0.685274,0.685274,0.685274,0.685274
"110","EMMAOR_PRONGC2-08",8.3015499,8.3015499,8.3015499,8.3015499,8.3015499,8.3015499,8.3015499,8.3015499,8.3015499,8.3015499,8.3015499,44.3824997,63.3616982,63.3616982,63.3616982,63.3616982,63.3616982,63.3616982,63.3616982,63.3616982,63.3616982,63.3616982,0.67682,0.67682,0.67682,0.67682,0.67682,0.67682,0.67682,0.67682,0.67682,0.67682,0.67682
"111","EMMAOR_PRONGC2-09",1.46671,1.46671,1.46671,1.46671,1.46671,1.46671,1.46671,1.46671,1.46671,1.46671,1.46671,36.7849998,50.8946991,50.8946991,50.8946991,50.8946991,50.8946991,50.8946991,50.8946991,50.8946991,50.8946991,50.8946991,0,0,0,0,0,0,0,0,0,0,0
"112","EMMAOR_CLIFFC1-01",0,0,0,0,0,0,0,0,0,0.645351,0.645351,0,0,0,0,0,0,0,0,4.04811,4.04811,4.04811,0,0,0,0,0,0,0,0,0,0,0
"113","EMMAOR_CLIFFC1-02",0,0,0,0,0,0,0,0,0,0,0,0,0,0,0,0,0,0,0,0,0,0,0,0,0,0,0,0,0,0,0,0,0
"114","EMMAOR_CLIFFC1-03",0,0,0,0,0,0,0,0,0,0,0,0,0,0,0,0,0,0,0,0,0,0,0,0,0,0,0,0,0,0,0,0,0
"115","EMMAOR_CLIFFC1-04",0,0,0,0,0,0,0,0,0,0,0,0,0,0,0,0,0,0,0,0,0,0,0,0,0,0,0,0,0,0,0,0,0
"116","EMMAOR_CLIFFC1-05",0,0,0,0,0,0,0,0,0,0,0,0,0,0,0,0,0,0,0,0,0,0,0,0,0,0,0,0,0,0,0,0,0
"117","EMMAOR_CLIFFC1-06",0,0,0,0,0,0,0,0,0,0,0,0,0,0,0,0,0,0,0,0,0,0,0,0,0,0,0,0,0,0,0,0,0
"118","EMMAOR_CLIFFC1-07",0,0,0,0,0,0,0,0,0,0,0,0,0,0,0,0,0,0,0,0,0,0,0,0,0,0,0,0,0,0,0,0,0
"119","EMMAOR_PAWT1-01",1.52537,1.52537,1.52537,1.52537,1.52537,14.6084003,25.4619999,25.4619999,25.4619999,25.4619999,25.4619999,21.8539009,21.8539009,21.8539009,21.8539009,21.8539009,21.8539009,21.8539009,33.4115982,33.4115982,33.4115982,33.4115982,0.67454,0.67454,0.67454,0.67454,0.67454,0.405116,0.914663,0.914663,0.914663,0.914663,0.914663
"120","EMMAOR_PAWT1-02",5.9841599,5.9841599,5.9841599,5.9841599,5.9841599,25.6380005,39.1316986,39.1316986,39.1316986,39.1316986,39.1316986,10.2962999,10.2962999,10.2962999,10.2962999,10.2962999,10.2962999,10.2962999,28.6301003,28.6301003,28.6301003,28.6301003,0.149431,0.149431,0.149431,0.149431,0.149431,0.578242,1.02303,1.02303,1.02303,1.02303,1.02303
"121","EMMAOR_PAWT1-03",3.63743,3.63743,3.63743,3.63743,3.63743,25.843399,38.2224007,38.2224007,38.2224007,38.2224007,38.2224007,1.02669,1.02669,1.02669,1.02669,1.02669,1.02669,1.02669,15.6938,15.6938,15.6938,15.6938,0,0,0,0,0,0.406321,0.904477,0.904477,0.904477,0.904477,0.904477
"122","EMMAOR_PAWT1-04",7.3335299,7.3335299,7.3335299,7.3335299,7.3335299,29.5688,53.593399,53.593399,53.593399,53.593399,53.593399,0.264007,0.264007,0.264007,0.264007,0.264007,0.264007,0.264007,24.5233002,24.5233002,24.5233002,24.5233002,0,0,0,0,0,0.560145,0.996832,0.996832,0.996832,0.996832,0.996832
"123","EMMAOR_PAWT1-05",12.0270004,12.0270004,12.0270004,12.0270004,12.0270004,33.9101982,66.3537979,66.3537979,66.3537979,66.3537979,66.3537979,1.23203,1.23203,1.23203,1.23203,1.23203,1.23203,1.23203,31.1821995,31.1821995,31.1821995,31.1821995,0,0,0,0,0,0.65029,1.0252399,1.0252399,1.0252399,1.0252399,1.0252399
"124","EMMAOR_PAWT1-06",17.9818001,17.9818001,17.9818001,17.9818001,17.9818001,40.0704002,66.8230972,66.8230972,66.8230972,66.8230972,66.8230972,0,0,0,0,0,0,0,35.3768997,35.3768997,35.3768997,35.3768997,0,0,0,0,0,0.687886,1.08564,1.08564,1.08564,1.08564,1.08564
"125","EMMAOR_PAWT1-07",26.3714008,26.3714008,26.3714008,26.3714008,26.3714008,44.206501,76.9433975,76.9433975,76.9433975,76.9433975,76.9433975,0,0,0,0,0,0,0,43.0331001,43.0331001,43.0331001,43.0331001,0,0,0,0,0,0.674386,1.06945,1.06945,1.06945,1.06945,1.06945
"126","EMMAOR_PAWT1-08",29.5100994,29.5100994,29.5100994,29.5100994,29.5100994,41.6837997,67.9377975,67.9377975,67.9377975,67.9377975,67.9377975,0,0,0,0,0,0,0,41.5663986,41.5663986,41.5663986,41.5663986,0,0,0,0,0,0.603975,1.0377001,1.0377001,1.0377001,1.0377001,1.0377001
"127","EMMAOR_PAWT1-09",33.8809013,33.8809013,33.8809013,33.8809013,33.8809013,40.6864014,66.3244019,66.3244019,66.3244019,66.3244019,66.3244019,0,0,0,0,0,0,0,39.0437012,39.0437012,39.0437012,39.0437012,0,0,0,0,0,0.451527,0.944169,0.944169,0.944169,0.944169,0.944169
"128","EMMAOR_PAWT1-10",35.993,35.993,35.993,35.993,35.993,38.4570007,57.2895012,57.2895012,57.2895012,57.2895012,57.2895012,0,0,0,0,0,0,0,31.6807995,31.6807995,31.6807995,31.6807995,0,0,0,0,0,0.238031,0.793056,0.793056,0.793056,0.793056,0.793056
"129","EMMAOR_PRONGC1-04",7.7442098,7.7442098,7.7442098,7.7442098,7.7442098,7.7442098,7.7442098,7.7442098,7.7442098,7.7442098,7.7442098,40.6278,40.6278,40.6278,40.6278,40.6278,40.6278,40.6278,40.6278,40.6278,40.6278,40.6278,0,0,0,0,0,0,0,0,0,0,0
"130","EMMAOR_PRONGC1-05",6.4535098,6.4535098,6.4535098,6.4535098,6.4535098,6.4535098,6.4535098,6.4535098,6.4535098,6.4535098,6.4535098,28.0727005,28.0727005,28.0727005,28.0727005,28.0727005,28.0727005,28.0727005,28.0727005,28.0727005,28.0727005,28.0727005,0,0,0,0,0,0,0,0,0,0,0
"131","EMMAOR_PRONGC1-06",4.6347899,4.6347899,4.6347899,4.6347899,4.6347899,4.6347899,4.6347899,4.6347899,4.6347899,4.6347899,4.6347899,16.9550991,16.9550991,16.9550991,16.9550991,16.9550991,16.9550991,16.9550991,16.9550991,16.9550991,16.9550991,16.9550991,0,0,0,0,0,0,0,0,0,0,0
"132","EMMAOR_PRONGC1-07",2.6694,2.6694,2.6694,2.6694,2.6694,2.6694,2.6694,2.6694,2.6694,2.6694,2.6694,7.8908801,7.8908801,7.8908801,7.8908801,7.8908801,7.8908801,7.8908801,7.8908801,7.8908801,7.8908801,7.8908801,0,0,0,0,0,0,0,0,0,0,0
"133","EMMAOR_PRONGC1-08",0.205339,0.205339,0.205339,0.205339,0.205339,0.205339,0.205339,0.205339,0.205339,0.205339,0.205339,1.73071,1.73071,1.73071,1.73071,1.73071,1.73071,1.73071,1.73071,1.73071,1.73071,1.73071,0,0,0,0,0,0,0,0,0,0,0
"134","EMMAOR_PRONGC1-09",0,0,0,0,0,0,0,0,0,0,0,0,0,0,0,0,0,0,0,0,0,0,0,0,0,0,0,0,0,0,0,0,0
"135","EMMAOR_PRONGC1-10",0,0,0,0,0,0,0,0,0,0,0,0,0,0,0,0,0,0,0,0,0,0,0,0,0,0,0,0,0,0,0,0,0
"136","EMMAOR_WOLFTA1-01",0,0,0,0,0,0,0,34.7316017,34.7316017,34.7316017,34.7316017,0,0,0,0,0,0,0,0,0,0,0,0,0,0,0,0,0,0,0,0,0,0
"137","EMMAOR_WOLFTA1-02",0,0,0,0,0,0,0,35.5236015,35.5236015,35.5822983,35.5822983,0,0,0,0,0,0,0,0,0,0,0,0,0,0,0,0,0,0,0,0,0.0122125,0.0122125
"138","EMMAOR_WOLFTA1-03",0,0,0,0,0,0,0,39.1903992,39.1903992,39.1903992,39.1903992,0,0,0,0,0,0,0,0,0,0,0,0,0,0,0,0,0,0,0,0,0,0
"139","EMMAOR_WOLFTA1-04",0,0,0,0,0,0,0,24.2593002,24.2593002,26.7819996,26.7819996,0,0,0,0,0,0,0,0,0,0,0,0,0,0,0,0,0,0,0,0,0.312137,0.312137
"140","EMMAOR_WOLFTA1-05",0,0,0,0,0,0,0,21.6191998,21.6191998,22.0592995,22.0592995,0,0,0,0,0,0,0,0,0,0,0,0,0,0,0,0,0,0,0,0,0.097832,0.097832
"141","EMMAOR_WOLFTA1-06",0,0,0,0,0,0,0,32.2089005,32.2089005,32.2089005,32.2089005,0,0,0,0,0,0,0,0,0,0,0,0,0,0,0,0,0,0,0,0,0,0
"142","EMMAOR_WOLFTA1-07",0,0,0,0,0,0,0,38.7504005,38.7504005,38.7504005,38.7504005,0,0,0,0,0,0,0,0,0,0,0,0,0,0,0,0,0,0,0,0,0,0
"143","EMMAOR_WOLFTA2-01",0,0,0,0,0,0.117336,0.117336,0.117336,8.8589001,29.8034992,29.8034992,0,0,0,0,0,0,0,0.117336,0.117336,0.117336,0.117336,0,0,0,0,0,0,0,0,0.0704302,0.629446,0.629446
"144","EMMAOR_WOLFTA2-02",0,0,0,0,0,0,0,0,14.8136997,35.4943008,35.4943008,0,0,0,0,0,0,0,0,0,0,0,0,0,0,0,0,0,0,0,0,0.679424,0.679424
"145","EMMAOR_WOLFTA2-03",0,0,0,0,0,0,0,0,14.7257004,35.0248985,35.0248985,0,0,0,0,0,0,0,0,0,0,0,0,0,0,0,0,0,0,0,0,0.680432,0.680432
"146","EMMAOR_WOLFTA2-04",0,0,0,0,0,0,0,0,17.3365002,36.1689987,36.1689987,0,0,0,0,0,0,0,0,0,0,0,0,0,0,0,0,0,0,0,0,0.692291,0.692291
"147","EMMAOR_WOLFTA2-05",0,0,0,0,0,0,0,0,19.2724991,38.1637001,39.4836998,0,0,0,0,0,0,0,0,0,0,0,0,0,0,0,0,0,0,0,0,0.693097,0.816404
"148","EMMAOR_WOLFTA2-06",0,0,0,0,0,0,0,0.0293341,19.3017998,38.7797012,46.142601,0,0,0,0,0,0,0,0,0,0,0,0,0,0,0,0,0,0,0,0.0113806,0.698801,1.02625
"149","EMMAOR_WOLFTA2-07",0,0,0,0,0,0,0,1.64271,19.8005009,34.4968987,42.3291016,0,0,0,0,0,0,0,0,0,0,0,0,0,0,0,0,0,0,0,0.285947,0.846289,1.16864
"150","EMMAOR_WOLFTA2-08",0,0,0,0,0,0,0,3.1680801,14.1097002,28.1900997,36.0223007,0,0,0,0,0,0,0,0,0,0,0,0,0,0,0,0,0,0,0,0.532585,0.959716,1.27468
"151","EMMAOR_WOLFTA2-09",0,0,0,0,0,0,0,4.0187702,9.6509199,23.7313004,31.5634995,0,0,0,0,0,0,0,0,0,0,0,0,0,0,0,0,0,0,0,0.679108,0.951802,1.2759
"152","EMMAOR_WOLFTA2-10",0,0,0,0,0,0,0,9.2109098,14.9897003,29.2460995,36.6090012,0,0,0,0,0,0,0,0,0,0,0,0,0,0,0,0,0,0,0,0.666701,1.0345401,1.3284301
"153","EMMAOR_WOLFTA3-09",0,0,0,0,0,0,0,0,0,5.1334701,14.8430996,0,0,0,0,0,0,0,0,0,0,0,0,0,0,0,0,0,0,0,0,0,0.64484
"154","EMMAOR_WOLFTA3-10",0,0,0,0,0,0,0,0,0,9.2695799,17.1604996,0,0,0,0,0,0,0,0,0,0,0,0,0,0,0,0,0,0,0,0,0,0.689916
"155","EMMAOR_WOLFTB2-01",0,0,0,0,0,0,0,15.4296999,40.1291008,52.4494019,52.4786987,0,0,0,0,0,0,0,0,0,0,0,0,0,0,0,0,0,0,0,0.666226,1.05486,1.05901
"156","EMMAOR_WOLFTB2-02",0,0,0,0,0,0,0,15.4296999,39.6011009,44.0891991,44.0891991,0,0,0,0,0,0,0,0,0,0,0,0,0,0,0,0,0,0,0,0.668582,0.929535,0.929535
"157","EMMAOR_WOLFTB2-03",2.69874,2.69874,2.69874,2.69874,2.69874,2.69874,2.69874,18.1285,39.6890984,43.7372017,43.7372017,0,0,0,0,0,0,0,0,0,0,0,0,0,0,0,0,0,0,0.420739,0.881582,1.1084,1.1084
"158","EMMAOR_WOLFTB2-04",4.37078,4.37078,4.37078,4.37078,4.37078,4.37078,4.37078,17.8351002,35.4062996,39.571701,39.571701,0,0,0,0,0,0,0,0,0,0,0,0,0,0,0,0,0,0,0.556849,0.97362,1.20763,1.20763
"159","EMMAOR_WOLFTB2-05",4.37078,4.37078,4.37078,4.37078,4.37078,4.37078,4.37078,15.8403997,29.9207993,29.9794998,29.9794998,0,0,0,0,0,0,0,0,0,0,0,0,0,0,0,0,0,0,0.589064,1.00327,1.01547,1.01547
"160","EMMAOR_WOLFTB2-06",4.37078,4.37078,4.37078,4.37078,4.37078,4.37078,4.37078,10.6775999,19.4192009,19.4192009,19.4192009,0,0,0,0,0,0,0,0,0,0,0,0,0,0,0,0,0,0,0.676618,1.06021,1.06021,1.06021
"161","EMMAOR_WOLFTB2-07",4.1361098,4.1361098,4.1361098,4.1361098,4.1361098,4.1361098,4.1361098,13.2589998,24.2299995,25.4913006,25.8139992,0,0,0,0,0,0,0,0,0,0,0,0,0,0,0,0,0,0,0.62065,1.0283099,1.17442,1.22693
"162","EMMAOR_WOLFTB2-08",0.0880023,0.0880023,0.0880023,0.0880023,0.0880023,0.0880023,0.0880023,10.4136,23.9073009,27.4274006,30.4195004,0,0,0,0,0,0,0,0,0,0,0,0,0,0,0,0,0,0,0.0487544,0.706061,0.998667,1.2219
"163","EMMAOR_WOLFTB2-09",0,0,0,0,0,0,0,2.34673,14.8136997,18.9792004,24.934,0,0,0,0,0,0,0,0,0,0,0,0,0,0,0,0,0,0,0,0.437034,0.867358,1.2099299
"164","EMMAOR_WOLFTB2-10",2.72807,2.72807,2.72807,2.72807,2.72807,2.72807,2.72807,5.2508101,15.4590998,17.3658009,19.2432003,0,0,0,0,0,0,0,0,0,0,0,0,0,0,0,0,0,0,0.692382,0.875982,1.12589,1.33574
"165","EMMAOR_WOLFTB3-01",0,0,0,0,0,0,0,0,17.0725002,54.8841019,54.8841019,0,0,0,0,0,0,0,0,0,0,6.7761798,0,0,0,0,0,0,0,0,0,0.618668,0.618668
"166","EMMAOR_WOLFTB3-02",0,0,0,0,0,0,0,0,21.7071991,52.1267014,52.1267014,0,0,0,0,0,0,0,0,0,0,6.7761798,0,0,0,0,0,0,0,0,0,0.678539,0.678539
"167","EMMAOR_WOLFTB3-03",0.821355,0.821355,0.821355,0.821355,0.821355,0.821355,0.821355,0.821355,24.9633007,51.1293983,51.1293983,0,0,0,0,0,0,0,0,0,0,6.7761798,0,0,0,0,0,0,0,0,0.144691,0.76337,0.76337
"168","EMMAOR_WOLFTB3-04",5.1921401,5.1921401,5.1921401,5.1921401,5.1921401,5.1921401,5.1921401,5.1921401,29.1874008,49.0466003,49.0466003,0,0,0,0,0,0,0,0,0,0,6.5415101,0.554443,0.554443,0.554443,0.554443,0.554443,0.554443,0.554443,0.554443,0.566808,1.0125901,1.0125901
"169","EMMAOR_WOLFTB3-05",10.7950001,10.7950001,10.7950001,10.7950001,10.7950001,10.7950001,10.7950001,10.7950001,30.6541996,41.0970993,41.0970993,0,0,0,0,0,0,0,0,0,0,2.4347301,0.658724,0.658724,0.658724,0.658724,0.658724,0.658724,0.658724,0.658724,0.880741,1.2251,1.2251
"170","EMMAOR_WOLFTB3-06",11.7042999,11.7042999,11.7042999,11.7042999,11.7042999,11.7042999,11.7042999,11.7042999,26.0487003,28.2780991,28.2780991,0,0,0,0,0,0,0,0,0,0,0.557348,0.678982,0.678982,0.678982,0.678982,0.678982,0.678982,0.678982,0.678982,0.993085,1.1926399,1.1926399
"171","EMMAOR_WOLFTB3-07",7.5682001,7.5682001,7.5682001,7.5682001,7.5682001,7.5682001,7.5682001,7.5682001,23.5259991,24.934,24.934,0,0,0,0,0,0,0,0,0,0,0.205339,0.318216,0.318216,0.318216,0.318216,0.318216,0.318216,0.318216,0.318216,0.73051,0.909244,0.909244
"172","EMMAOR_WOLFTB3-08",7.3922,7.3922,7.3922,7.3922,7.3922,7.3922,7.3922,7.3922,17.1018009,19.5951996,19.5951996,0,0,0,0,0,0,0,0,0,0,0,0.26738,0.26738,0.26738,0.26738,0.26738,0.26738,0.26738,0.26738,0.799512,1.07889,1.07889
"173","EMMAOR_WOLFTB3-09",6.8641801,6.8641801,6.8641801,6.8641801,6.8641801,6.8641801,6.8641801,6.8641801,17.5417995,22.2938995,22.2938995,0,0,0,0,0,0,0,0,0,0,0,0.0275777,0.0275777,0.0275777,0.0275777,0.0275777,0.0275777,0.0275777,0.0275777,0.680119,1.05326,1.05326
"174","EMMAOR_WOLFTB3-10",6.8348498,6.8348498,6.8348498,6.8348498,6.8348498,6.8348498,6.8348498,12.6723003,24.0832996,28.8353996,28.8353996,0,0,0,0,0,0,0,0,0,0,0,0,0,0,0,0,0,0,0.690047,1.05487,1.32857,1.32857
"175","EMMAOR_WOLFTB4-01",0,0,0,0,0,0,0,0,0,0,0,0,0,0,0,0,0,0,0,0,0,0,0,0,0,0,0,0,0,0,0,0,0
"176","EMMAOR_WOLFTB4-02",0,0,0,0,0,0,0,0,0,0,0,0,0,0,0,0,0,0,0,0,0,0,0,0,0,0,0,0,0,0,0,0,0
"177","EMMAOR_CLIFFC1-08",0,0,0,0,0,0,0,0,0,0,0,0,0,0,0,0,0,0,0,0,0,0,0,0,0,0,0,0,0,0,0,0,0
"178","EMMAOR_CLIFFC1-09",0,0,0,0,0,0,0,0,0,0,0,0,0,0,0,0,0,0,0,0,0,0,0,0,0,0,0,0,0,0,0,0,0
"179","EMMAOR_CLIFFC1-10",0,0,0,0,0,0,0,0,0,0,0,0,0,0,0,0,0,0,0,0,0,0,0,0,0,0,0,0,0,0,0,0,0
"180","EMMAOR_CLIFFC2-01",0,0,0,0,0,0,0,0,0,0,0,0,0,0,0,0,0,0,0,0,0,0,0,0,0,0,0,0,0,0,0,0,0
"181","EMMAOR_CLIFFC2-02",0,0,0,0,0,0,0,0,0,0,0,0,0,0,0,0,0,0,0,0,0,0,0,0,0,0,0,0,0,0,0,0,0
"182","EMMAOR_CLIFFC2-03",0,0,0,0,0,0,0,0,0,0,0,0,0,0,0,0,0,0,0,0,0,0,0,0,0,0,0,0,0,0,0,0,0
"183","EMMAOR_CLIFFC2-04",0,0,0,0,0,0,0,0,0,0,0,0,0,0,0,0,0,0,0,0,0,0,0,0,0,0,0,0,0,0,0,0,0
"184","EMMAOR_CLIFFC2-05",0,0,0,0,0,0,0,0,0,0,0,0,0,0,0,0,0,0,0,0,0,0,0,0,0,0,0,0,0,0,0,0,0
"185","EMMAOR_CLIFFC2-06",0,0,0,0,0,0,0,0,0,0,0,0,0,0,0,0,0,0,0,0,0,0,0,0,0,0,0,0,0,0,0,0,0
"186","EMMAOR_CLIFFC2-07",0,0,0,0,0,0,0,0,0,0,0,0,0,0,0,0,0,0,0,0,0,0,0,0,0,0,0,0,0,0,0,0,0
"187","EMMAOR_CLIFFC2-08",0,0,0,0,0,0,0,0,0,0,0,0,0,0,0,0,0,0,0,0,0,0,0,0,0,0,0,0,0,0,0,0,0
"188","EMMAOR_CLIFFC2-09",0,0,0,0,0,0,0,0,0,0,0,0,0,0,0,0,0,0,0,0,0,0,0,0,0,0,0,0,0,0,0,0,0
"189","EMMAOR_CLIFFC2-10",0,0,0,0,0,0,0,0,0,0,0,0,0,0,0,0,0,0,0,0,0,0,0,0,0,0,0,0,0,0,0,0,0
"190","EMMAOR_WOLFC1-01",0,0,0,0,0,0,0,0,0,0,0,0,0,0,0,0,0,0,0,0,0,0,0,0,0,0,0,0,0,0,0,0,0
"191","EMMAOR_WOLFC1-02",0,0,0,0,0,0,0,0,0,0,0,0,0,0,0,0,0,0,0,0,0,0,0,0,0,0,0,0,0,0,0,0,0
"192","EMMAOR_WOLFC1-03",0,0,0,0,0,0,0,0,0,0,0,0,0,0,0,0,0,0,0,0,0,0,0,0,0,0,0,0,0,0,0,0,0
"193","EMMAOR_WOLFC1-04",0,0,0,0,0,0,0,0,0,0,0,0,0,0,0,0,0,0,0,0,0,0,0,0,0,0,0,0,0,0,0,0,0
"194","EMMAOR_WOLFC1-05",0,0,0,0,0,0,0,0,0,0,0,0,0,0,0,0,0,0,0,0,0,0,0,0,0,0,0,0,0,0,0,0,0
"195","EMMAOR_WOLFC1-06",0,0,0,0,0,0,0,0,0,0,0,0,0,0,0,0,0,0,0,0,0,0,0,0,0,0,0,0,0,0,0,0,0
"196","EMMAOR_WOLFC1-07",0,0,0,0,0,0,0,0,0,0,0,0,0,0,0,0,0,0,0,0,0,0,0,0,0,0,0,0,0,0,0,0,0
"197","EMMAOR_WOLFC1-08",0,0,0,0,0,0,0,0,0,0,0,0,0,0,0,0,0,0,0,0,0,0,0,0,0,0,0,0,0,0,0,0,0
"198","EMMAOR_WOLFC1-09",0,0,0,0,0,0,0,0.293341,0.293341,0.293341,0.293341,0,0,0,0,0,0,0,0,0,0,0,0,0,0,0,0,0,0,0,0,0,0
"199","EMMAOR_WOLFC1-10",0,0,0,0,0,0,0,0.909358,0.909358,0.909358,0.909358,0,0,0,0,0,0,0,0,0,0,0,0,0,0,0,0,0,0,0,0,0,0
"200","EMMAOR_WOLFC2-01",0,0,0,0,0,0,0,18.0697994,18.0697994,18.0697994,18.0697994,0,0,0,0,0,0,0,0,0,0,0,0,0,0,0,0,0,0,0,0,0,0
"201","EMMAOR_WOLFC2-02",0,0,0,0,0,0,0.0880023,16.6324005,16.6324005,16.6324005,16.6324005,0,0,0,0,0,0,0,0,0,0,0,0,0,0,0,0,0,0,0.0330111,0.0330111,0.0330111,0.0330111
"202","EMMAOR_WOLFC2-03",0,0,0,0,0,0,1.70138,10.4136,10.4136,10.4136,10.4136,0,0,0,0,0,0,0,0,0,0,0,0,0,0,0,0,0,0,0.445233,0.445233,0.445233,0.445233
"203","EMMAOR_WOLFC2-04",0,0,0,0,0,0,4.3414502,11.2055998,11.2055998,11.2055998,11.2055998,0,0,0,0,0,0,0,0,0,0,0,0,0,0,0,0,0,0,0.667587,0.667587,0.667587,0.667587
"204","EMMAOR_WOLFC2-05",0,0,0,0,0,0,1.34937,13.2883997,13.2883997,13.2883997,13.2883997,0,0,0,0,0,0,0,0,0,0,0,0,0,0,0,0,0,0,0.328465,0.328465,0.328465,0.328465
"205","EMMAOR_WOLFC2-06",0,0,0,0,0,0,2.6694,12.6136999,12.6136999,12.6136999,12.6136999,0,0,0,0,0,0,0,0,0,0,0,0,0,0,0,0,0,0,0.516106,0.516106,0.516106,0.516106
"206","EMMAOR_WOLFC3-01",0,0,0,0,0,0,10.4722996,10.4722996,12.7017002,12.7017002,12.7017002,0,0,0,0,0,0,0,0,0,0,0,0,0,0,0,0,0,0,0,0.464531,0.464531,0.464531
"207","EMMAOR_WOLFC3-02",0,0,0,0,0,0,3.8134401,3.8134401,4.3414502,4.3414502,4.3414502,0,0,0,0,0,0,0,0,0,0,0,0,0,0,0,0,0,0,0,0.370144,0.370144,0.370144
"208","EMMAOR_WOLFC3-03",0,0,0,0,0,0,0.0880023,0.0880023,0.0880023,0.0880023,0.0880023,0,0,0,0,0,0,0,0,0,0,0,0,0,0,0,0,0,0,0,0,0,0
"209","EMMAOR_WOLFC3-04",0,0,0,0,0,0,0,0,0,0,0,0,0,0,0,0,0,0,0,0,0,0,0,0,0,0,0,0,0,0,0,0,0
"210","EMMAOR_WOLFC3-05",0,0,0,0,0,0,0,0,0,0,0,0,0,0,0,0,0,0,0,0,0,0,0,0,0,0,0,0,0,0,0,0,0
"211","EMMAOR_WOLFC3-06",0,0,0,0,0,0,0,0,0,0,0,0,0,0,0,0,0,0,0,0,0,0,0,0,0,0,0,0,0,0,0,0,0
"212","EMMAOR_WOLFC3-07",0,0,0,0,0,0,0,0,0,0,0,0,0,0,0,0,0,0,0,0,0,0,0,0,0,0,0,0,0,0,0,0,0
"213","EMMAOR_WOLFC3-08",0,0,0,0,0,0,2.4347301,2.4347301,2.4640701,2.4640701,2.4640701,0,0,0,0,0,0,0,0,0,0,0,0,0,0,0,0,0,0,0,0.0645814,0.0645814,0.0645814
"214","EMMAOR_WOLFC3-09",0,0,0,0,0,0,6.7175102,6.7175102,8.3895597,8.3895597,8.3895597,0,0,0,0,0,0,0,0,0,0,0,0,0,0,0,0,0,0,0,0.499431,0.499431,0.499431
"215","EMMAOR_WOLFC3-10",0,0,0,0,0,0,13.1416998,13.1416998,15.7818003,15.7818003,15.7818003,0,0,0,0,0,0,0,0,0,0,0,0,0,0,0,0,0,0,0,0.451557,0.451557,0.451557
"216","EMMAOR_WOLFTA1-08",0,0,0,0,0,0,0,31.7101994,31.7101994,31.7101994,31.7101994,0,0,0,0,0,0,0,0,0,0,0,0,0,0,0,0,0,0,0,0,0,0
"217","EMMAOR_WOLFTA1-09",0,0,0,0,0,0,0,23.2912998,23.2912998,23.2912998,23.2912998,0,0,0,0,0,0,0,0,0,0,0,0,0,0,0,0,0,0,0,0,0,0
"218","EMMAOR_WOLFTA1-10",0,0,0,0,0,0,0,15.0191002,15.0191002,15.0191002,15.0191002,0,0,0,0,0,0,0,0,0,0,0,0,0,0,0,0,0,0,0,0,0,0
"219","EMMAOR_WOLFTB4-03",0,0,0,0,0,0,0,0,0,0,0,0,0,0,0,0,0,0,0,0,0,0,0,0,0,0,0,0,0,0,0,0,0
"220","EMMAOR_WOLFTB4-04",0,0,0,0,0,0,0,0,0,0,0,0,0,0,0,0,0,0,0,0,0,0,0,0,0,0,0,0,0,0,0,0,0
"221","EMMAOR_WOLFTB4-05",0,0,0,0,0,0,0,0,0,0,0,0,0,0,0,0,0,0,0,0,0,0,0,0,0,0,0,0,0,0,0,0,0
"222","EMMAOR_WOLFTB4-06",0,0,0,0,0,0,0,0,0,0,0,0,0,0,0,0,0,0,0,0,0,0,0,0,0,0,0,0,0,0,0,0,0
"223","EMMAOR_WOLFTB4-07",0,0,0,0,0,0,0,0,0,0,0,0,0,0,0,0,0,0,0,0,0,0,0,0,0,0,0,0,0,0,0,0,0
"224","EMMAOR_WOLFTB4-08",0,0,0,0,0,0,0,0,0,0,0,0,0,0,0,0,0,0,0,0,0,0,0,0,0,0,0,0,0,0,0,0,0
"225","EMMAOR_WOLFTB4-09",0,0,0,0,0,0,0,0,0,0,0,0,0,0,0,0,0,0,0,0,0,0,0,0,0,0,0,0,0,0,0,0,0
"226","EMMAOR_WOLFTB4-10",0,0,0,0,0,0,0,0,0,0,0,0,0,0,0,0,0,0,0,0,0,0,0,0,0,0,0,0,0,0,0,0,0
"227","EMMAOR_WOLFC2-07",0,0,0,0,0,0,3.66676,13.1416998,13.1416998,13.1416998,13.1416998,0,0,0,0,0,0,0,0,0,0,0,0,0,0,0,0,0,0,0.592023,0.592023,0.592023,0.592023
"228","EMMAOR_WOLFC2-08",0,0,0,0,0,0,3.1974199,11.8802996,12.9949999,12.9949999,12.9949999,0,0,0,0,0,0,0,0,0,0,0,0,0,0,0,0,0,0,0.582397,0.825101,0.825101,0.825101
"229","EMMAOR_WOLFC2-09",0,0,0,0,0,0,8.3895597,19.8885002,30.8595009,30.8595009,30.8595009,0,0,0,0,0,0,0,0,0,0,0,0,0,0,0,0,0,0,0.680875,1.08961,1.08961,1.08961
"230","EMMAOR_WOLFC2-10",0,0,0,0,0,0,5.6908202,17.1898003,34.9076004,34.9076004,34.9076004,0,0,0,0,0,0,0,0,0,0,0,0,0,0,0,0,0,0,0.634925,1.00569,1.00569,1.00569
"231","EMMAOR_SAGEC1-01",0,26.1660004,26.1660004,26.1660004,26.1660004,26.1660004,26.1660004,26.1660004,26.1660004,26.1660004,26.1660004,0,26.1660004,26.1660004,26.1660004,26.1660004,26.1660004,26.1660004,26.1660004,26.1660004,26.1660004,26.1660004,0,0,0,0,0,0,0,0,0,0,0
"232","EMMAOR_SAGEC1-02",0,29.1581001,29.1581001,29.1581001,29.1581001,29.1581001,29.1581001,29.1581001,29.1581001,29.1581001,29.1581001,0,29.1581001,29.1581001,29.1581001,29.1581001,29.1581001,29.1581001,29.1581001,29.1581001,29.1581001,29.1581001,0,0,0,0,0,0,0,0,0,0,0
"233","EMMAOR_SAGEC1-03",0,20.6511993,20.6511993,20.6511993,20.6511993,20.6511993,20.6511993,20.6511993,20.6511993,20.6511993,20.6511993,0,20.6511993,20.6511993,20.6511993,20.6511993,20.6511993,20.6511993,20.6511993,20.6511993,20.6511993,20.6511993,0,0,0,0,0,0,0,0,0,0,0
"234","EMMAOR_SAGEC1-04",0.176005,6.2481699,6.2481699,6.2481699,6.2481699,6.2481699,6.2481699,6.2481699,6.2481699,6.2481699,6.2481699,0,6.0721598,6.0721598,6.0721598,6.2481699,6.2481699,6.2481699,6.2481699,6.2481699,6.2481699,6.2481699,0,0.128319,0.128319,0.128319,0.128319,0.128319,0.128319,0.128319,0.128319,0.128319,0.128319
"235","EMMAOR_SAGEC1-05",1.4373699,1.4373699,1.4373699,1.4373699,1.4373699,1.4373699,1.4373699,1.4373699,1.4373699,1.4373699,1.4373699,0,0,0,0,1.4373699,1.4373699,1.4373699,1.4373699,1.4373699,1.4373699,1.4373699,0,0,0,0,0,0,0,0,0,0,0
"236","EMMAOR_SAGEC1-06",7.3041902,7.3041902,7.3041902,7.3041902,7.3041902,7.3041902,7.3041902,7.3041902,7.3041902,7.3041902,7.3041902,0,0,0,0,7.3041902,7.3041902,7.3041902,7.3041902,7.3041902,7.3041902,7.3041902,0,0,0,0,0,0,0,0,0,0,0
"237","EMMAOR_SAGEC1-07",13.0830002,14.3737001,14.3737001,14.3737001,14.3737001,14.3737001,14.3737001,14.3737001,14.3737001,14.3737001,14.3737001,0,1.2907,1.2907,1.2907,14.3737001,14.3737001,14.3737001,14.3737001,14.3737001,14.3737001,14.3737001,0,0.302065,0.302065,0.302065,0.302065,0.302065,0.302065,0.302065,0.302065,0.302065,0.302065
"238","EMMAOR_SAGEC1-08",17.2777996,23.3206005,23.3206005,23.3206005,23.3206005,23.3206005,23.3206005,23.3206005,23.3206005,23.3206005,23.3206005,0,6.04283,6.04283,6.04283,23.3206005,23.3206005,23.3206005,23.3206005,23.3206005,23.3206005,23.3206005,0,0.572134,0.572134,0.572134,0.572134,0.572134,0.572134,0.572134,0.572134,0.572134,0.572134
"239","EMMAOR_SAGEC1-09",9.8856001,28.3367996,28.3367996,28.3367996,28.3367996,28.3367996,28.3367996,28.3367996,28.3367996,28.3367996,28.3367996,0,18.4512005,18.4512005,18.4512005,28.3367996,28.3367996,28.3367996,28.3367996,28.3367996,28.3367996,28.3367996,0,0.646739,0.646739,0.646739,0.646739,0.646739,0.646739,0.646739,0.646739,0.646739,0.646739
"240","EMMAOR_SAGEC1-10",11.0882998,30.2434998,30.2434998,30.2434998,30.2434998,30.2434998,30.2434998,30.2434998,30.2434998,30.2434998,30.2434998,0,19.1551991,19.1551991,19.1551991,30.2434998,30.2434998,30.2434998,30.2434998,30.2434998,30.2434998,30.2434998,0,0.65714,0.65714,0.65714,0.65714,0.65714,0.65714,0.65714,0.65714,0.65714,0.65714
"241","EMMAOR_MDC1-01",0,0,0,0,0,0,0,5.1627998,5.1627998,26.7527008,26.7527008,0,0,0,0,0,0,0,0,0,13.5817003,17.9818001,0,0,0,0,0,0,0,0,0,0.490519,0.490519
"242","EMMAOR_MDC1-02",0,0,0,0,0,0,0,8.1548796,8.1548796,33.7341995,33.7341995,0,0,0,0,0,0,0,0,0,14.1976995,20.8271999,0,0,0,0,0,0,0,0,0,0.553076,0.553076
"243","EMMAOR_MDC1-03",0,0,0,0,0,0,0,5.1334701,5.1334701,33.3236008,33.3236008,0,0,0,0,0,0,0,0,0,9.1229095,14.2564001,0,0,0,0,0,0,0,0,0,0.429669,0.429669
"244","EMMAOR_MDC1-04",0,0,0,0,0,0,0,5.0454702,5.0454702,35.2888985,35.2888985,0,0,0,0,0,0,0,0,0,5.6908202,10.7363005,0,0,0,0,0,0,0,0,0,0.410329,0.410329
"245","EMMAOR_MDC1-05",0,0,0,0,0,0,0,2.1120601,2.1120601,29.7448006,29.7448006,0,0,0,0,0,0,0,0,0,1.3787,3.4907601,0,0,0,0,0,0,0,0,0,0.256233,0.256233
"246","EMMAOR_MDC1-06",0,0,0,0,0,0,0,2.1120601,2.1120601,30.0674992,30.0674992,0,0,0,0,0,0,0,0,0,0,2.1120601,0,0,0,0,0,0,0,0,0,0.254269,0.254269
"247","EMMAOR_MDC1-07",0,0,0,0,0,0,0,1.9360501,1.9360501,27.5153999,27.5153999,0,0,0,0,0,0,0,0,0,0,1.9360501,0,0,0,0,0,0,0,0,0,0.254576,0.254576
"248","EMMAOR_MDC1-08",0,0,0,0,0,0,0,0.293341,0.293341,23.7313004,23.7313004,0,0,0,0,0,0,0,0,0,0,0.293341,0,0,0,0,0,0,0,0,0,0.0665885,0.0665885
"249","EMMAOR_MDC1-09",0,0,0,0,0,0,0,0,0,16.8083992,16.8083992,0,0,0,0,0,0,0,0,0,0,0,0,0,0,0,0,0,0,0,0,0,0
"250","EMMAOR_MDC1-10",0,0,0,0,0,0,0,0.0880023,0.0880023,18.1872005,18.1872005,0,0,0,0,0,0,0,0,0,0,0.0880023,0,0,0,0,0,0,0,0,0,0.0306227,0.0306227
"251","EMMAOR_MDC2-01",0,0,0,0,0,0,0,0,0,1.87738,1.87738,0,0,0,0,0,0,0,0,0,0,0,0,0,0,0,0,0,0,0,0,0,0
"252","EMMAOR_MDC2-02",0,0,0,0,0,0,0,0,0,3.2560899,3.2560899,0,0,0,0,0,0,0,0,0,0,0,0,0,0,0,0,0,0,0,0,0,0
"253","EMMAOR_MDC2-03",0,0,0,0,0,0,0,0,0,6.4828401,6.4828401,0,0,0,0,0,0,0,0,0,0,0,0,0,0,0,0,0,0,0,0,0,0
"254","EMMAOR_MDC2-04",0,0,0,0,0,0,0,0,0,6.3361702,6.3361702,0,0,0,0,0,0,0,0,0,0,0,0,0,0,0,0,0,0,0,0,0,0
"255","EMMAOR_MDC2-05",0,0,0,0,0,0,0,0,0,6.42417,6.42417,0,0,0,0,0,0,0,0,0,0,0,0,0,0,0,0,0,0,0,0,0,0
"256","EMMAOR_MDC2-06",0,0,0,0,0,0,0,0,0,6.3361702,6.3361702,0,0,0,0,0,0,0,0,0,0,0,0,0,0,0,0,0,0,0,0,0,0
"257","EMMAOR_MDC2-07",0,0,0,0,0,0,0,0,0,6.3361702,6.3361702,0,0,0,0,0,0,0,0,0,0,0,0,0,0,0,0,0,0,0,0,0,0
"258","EMMAOR_MDC2-08",0,0,0,0,0,0,0,0,0,6.3361702,6.3361702,0,0,0,0,0,0,0,0,0,0,0,0,0,0,0,0,0,0,0,0,0,0
"259","EMMAOR_MDC2-09",0,0,0,0,0,0,0,0,0,6.3361702,6.3361702,0,0,0,0,0,0,0,0,0,0,0,0,0,0,0,0,0,0,0,0,0,0
"260","EMMAOR_MDC2-10",0,0,0,0,0,0,0,0,0,6.1015,6.1015,0,0,0,0,0,0,0,0,0,0,0,0,0,0,0,0,0,0,0,0,0,0
"261","EMMAOR_UPCB1-01",0,0,0,0,0,0,0,0,0,0,0,0,0,0,0,0,0,0,0,0,0,0,0,0,0,0,0,0,0,0,0,0,0
"262","EMMAOR_UPCB1-02",0,0,0,0,0,0,0,0,0,0,0,0,0,0,0,0,0,0,0,0,0,0,0,0,0,0,0,0,0,0,0,0,0
"263","EMMAOR_UPCB1-03",0,0,0,0,0,0,0,0,0,0,0,0,0,0,0,0,0,0,0,0,0,0,0,0,0,0,0,0,0,0,0,0,0
"264","EMMAOR_UPCB1-04",0,0,0,0,0,0,0,0,0,0,0,0,0,0,0,0,0,0,0,0,0,0,0,0,0,0,0,0,0,0,0,0,0
"265","EMMAOR_UPCB1-05",0,0,0,0,0,0,0,0,0,0,0,0,0,0,0,0,0,0,0,0,0,0,0,0,0,0,0,0,0,0,0,0,0
"266","EMMAOR_UPCB1-06",0,0,0,0,0,0,0,0,0,0,0,0,0,0,0,0,0,0,0,0,0,0,0,0,0,0,0,0,0,0,0,0,0
"267","EMMAOR_UPCB1-07",0,0,0,0,0,0,0,0,0,0,0,0,0,0,0,0,0,0,0,0,0,0,0,0,0,0,0,0,0,0,0,0,0
"268","EMMAOR_UPCB1-08",0,0,0,0,0,0,0,0,0,0,0,0,0,0,0,0,0,0,0,0,0,0,0,0,0,0,0,0,0,0,0,0,0
"269","EMMAOR_UPCB1-09",0,0,0,0,0,0,0,0,0,0,0,0,0,0,0,0,0,0,0,0,0,0,0,0,0,0,0,0,0,0,0,0,0
"270","EMMAOR_UPCB1-10",0,0,0,0,0,0,0,0,0,0,0,0,0,0,0,0,0,0,0,0,0,0,0,0,0,0,0,0,0,0,0,0,0
"271","EMMAOR_RATT1-01",14.4617004,14.4617004,14.4617004,14.4617004,14.4617004,14.4617004,14.4617004,14.4617004,14.4617004,14.4617004,14.4617004,2.2880599,2.2880599,2.2880599,2.2880599,2.2880599,2.2880599,2.2880599,2.2880599,2.2880599,2.2880599,2.2880599,0,0,0,0,0,0,0,0,0,0,0
"272","EMMAOR_RATT1-02",10.1788998,10.1788998,10.1788998,10.1788998,10.1788998,10.1788998,10.1788998,10.1788998,10.1788998,10.1788998,10.1788998,1.99472,1.99472,1.99472,1.99472,1.99472,1.99472,1.99472,1.99472,1.99472,1.99472,1.99472,0,0,0,0,0,0,0,0,0,0,0
"273","EMMAOR_RATT1-03",5.2508101,5.2508101,5.2508101,5.2508101,5.2508101,5.2508101,5.2508101,5.2508101,5.2508101,5.2508101,5.2508101,1.73071,1.73071,1.73071,1.73071,1.73071,1.73071,1.73071,1.73071,1.73071,1.73071,1.73071,0,0,0,0,0,0,0,0,0,0,0
"274","EMMAOR_RATT1-04",9.0055704,9.0055704,9.0055704,9.0055704,9.0055704,9.0055704,9.0055704,9.0055704,9.0055704,9.0055704,9.0055704,2.9334099,2.9334099,2.9334099,2.9334099,2.9334099,2.9334099,2.9334099,2.9334099,2.9334099,2.9334099,2.9334099,0,0,0,0,0,0,0,0,0,0,0
"275","EMMAOR_RATT1-05",2.2587299,2.2587299,2.2587299,2.2587299,2.2587299,2.2587299,2.2587299,2.2587299,2.2587299,2.2587299,2.2587299,0.0586682,0.0586682,0.0586682,0.0586682,0.0586682,0.0586682,0.0586682,0.0586682,0.0586682,0.0586682,0.0586682,0,0,0,0,0,0,0,0,0,0,0
"276","EMMAOR_RATT1-06",1.70138,1.70138,1.70138,1.70138,1.70138,1.70138,1.70138,1.70138,1.70138,1.70138,1.70138,0,0,0,0,0,0,0,0,0,0,0,0,0,0,0,0,0,0,0,0,0,0
"277","EMMAOR_RATT1-07",4.5761199,4.5761199,4.5761199,4.5761199,4.5761199,4.5761199,4.5761199,4.5761199,4.5761199,4.5761199,4.5761199,0.645351,0.645351,0.645351,0.645351,0.645351,0.645351,0.645351,0.645351,0.645351,0.645351,0.645351,0,0,0,0,0,0,0,0,0,0,0
"278","EMMAOR_RATT1-08",2.64007,2.64007,2.64007,2.64007,2.64007,2.64007,2.64007,2.64007,2.64007,2.64007,2.64007,0,0,0,0,0,0,0,0,0,0,0,0,0,0,0,0,0,0,0,0,0,0
"279","EMMAOR_RATT1-09",0.176005,0.176005,0.176005,0.176005,0.176005,0.176005,0.176005,0.176005,0.176005,0.176005,0.176005,0,0,0,0,0,0,0,0,0,0,0,0,0,0,0,0,0,0,0,0,0,0
"280","EMMAOR_RATT1-10",0.205339,0.205339,0.205339,0.205339,0.205339,0.205339,0.205339,0.205339,0.205339,0.205339,0.205339,0.205339,0.205339,0.205339,0.205339,0.205339,0.205339,0.205339,0.205339,0.205339,0.205339,0.205339,0,0,0,0,0,0,0,0,0,0,0
"281","EMMAOR_RATT2-01",2.75741,2.75741,2.75741,2.75741,2.75741,2.75741,2.75741,2.75741,2.75741,2.75741,2.75741,2.75741,2.75741,2.75741,2.75741,2.75741,2.75741,2.75741,2.75741,2.75741,2.75741,2.75741,0,0,0,0,0,0,0,0,0,0,0
"282","EMMAOR_UPCA1-01",0,0,0,0,0,0,0,0,0,0,0,0,0,0,0,0,0,0,0,0,0,0,0,0,0,0,0,0,0,0,0,0,0
"283","EMMAOR_UPCA1-02",0,0,0,0,0,0,0,0,0,0,0,0,0,0,0,0,0,0,0,0,0,0,0,0,0,0,0,0,0,0,0,0,0
"284","EMMAOR_UPCA1-03",0,0,0,0,0,0,0,0,0,0,0,0,0,0,0,0,0,0,0,0,0,0,0,0,0,0,0,0,0,0,0,0,0
"285","EMMAOR_UPCA1-04",0,0,0,0,0,0,0,0,0,0,0,0,0,0,0,0,0,0,0,0,0,0,0,0,0,0,0,0,0,0,0,0,0
"286","EMMAOR_UPCA1-05",0,0,0,0,0,0,0,0,0,0,0,0,0,0,0,0,0,0,0,0,0,0,0,0,0,0,0,0,0,0,0,0,0
"287","EMMAOR_UPCA1-06",0,0,0,0,0,0,0,0,0,0,0,0,0,0,0,0,0,0,0,0,0,0,0,0,0,0,0,0,0,0,0,0,0
"288","EMMAOR_UPCA1-07",0,0,0,0,0,0,0,0,0,0,0,0,0,0,0,0,0,0,0,0,0,0,0,0,0,0,0,0,0,0,0,0,0
"289","EMMAOR_UPCA1-08",0,0,0,0,0,0,0,0,0,0,0,0,0,0,0,0,0,0,0,0,0,0,0,0,0,0,0,0,0,0,0,0,0
"290","EMMAOR_UPCA1-09",0,0,0,0,0,0,0,0,0,0,0,0,0,0,0,0,0,0,0,0,0,0,0,0,0,0,0,0,0,0,0,0,0
"291","EMMAOR_UPCA1-10",0,0,0,0,0,0,0,0,0,0,0,0,0,0,0,0,0,0,0,0,0,0,0,0,0,0,0,0,0,0,0,0,0
"292","EMMAOR_RATT2-02",4.69346,4.69346,4.69346,4.69346,4.69346,4.69346,4.69346,4.69346,4.69346,4.69346,4.69346,4.69346,4.69346,4.69346,4.69346,4.69346,4.69346,4.69346,4.69346,4.69346,4.69346,4.69346,0,0,0,0,0,0,0,0,0,0,0
"293","EMMAOR_RATT2-03",6.6588402,6.6588402,6.6588402,6.6588402,6.6588402,6.6588402,6.6588402,6.6588402,6.6588402,6.6588402,6.6588402,6.6588402,6.6588402,6.6588402,6.6588402,6.6588402,6.6588402,6.6588402,6.6588402,6.6588402,6.6588402,6.6588402,0,0,0,0,0,0,0,0,0,0,0
"294","EMMAOR_RATT2-04",0.616016,0.616016,0.616016,0.616016,0.616016,0.616016,0.616016,0.616016,0.616016,0.616016,0.616016,0.616016,0.616016,0.616016,0.616016,0.616016,0.616016,0.616016,0.616016,0.616016,0.616016,0.616016,0,0,0,0,0,0,0,0,0,0,0
"295","EMMAOR_RATT2-05",0.704019,0.704019,0.704019,0.704019,0.704019,0.704019,0.704019,0.704019,0.704019,0.704019,0.704019,0.704019,0.704019,0.704019,0.704019,0.704019,0.704019,0.704019,0.704019,0.704019,0.704019,0.704019,0,0,0,0,0,0,0,0,0,0,0
"296","EMMAOR_RATT2-06",0,0,0,0,0,0,0,0,0,0,0,0,0,0,0,0,0,0,0,0,0,0,0,0,0,0,0,0,0,0,0,0,0
"297","EMMAOR_RATT2-07",0,0,0,0,0,0,0,0,0,0,0,0,0,0,0,0,0,0,0,0,0,0,0,0,0,0,0,0,0,0,0,0,0
"298","EMMAOR_RATT2-08",0,0,0,0,0,0,0,0,0,0,0,0,0,0,0,0,0,0,0,0,0,0,0,0,0,0,0,0,0,0,0,0,0
"299","EMMAOR_RATT2-09",0,0,0,0,0,0,0,0,0,0,0,0,0,0,0,0,0,0,0,0,0,0,0,0,0,0,0,0,0,0,0,0,0
"300","EMMAOR_RATT2-10",0,0,0,0,0,0,0,0,0,0,0,0,0,0,0,0,0,0,0,0,0,0,0,0,0,0,0,0,0,0,0,0,0
